0,1,2,3,4,5,6,7,8,9,10,11,12,13,14,15,16,17,18,19,20,21,22,23,24,25,26,27,28,29,30,31,32,33,34,35,36,37,38,39,40,41,42,43,44,45,46,47,48,49,50,51,52,53,54,55,56,57,58,59,60,61,62,63,64,65,66,67,68,69,70,71,72,73,74,75,76,77,78,79,80,81,82,83,84,85,86,87,88,89,90,91,92,93,94,95,96,97,98,99,100,101,102,103,104,105,106,107,108,109,110,111,112,113,114,115,116,117,118,119,120,121,122,123,124,125,126,127,128,129,130,131,132,133,134,135,136,137,138,139,140,141,142,143,144,145,146,147,148,149,150,151,152,153,154,155,156,157,158,159,160,161,162,163,164,165,166,167,168,169,170,171,172,173,174,175,176,177,178,179,180,181,182,183,184,185,186,187,188,189,190,191,192,193,194,195,196,197,198,199,200,201,char
-0.3090169943749474,0.9510565162951535,-0.3622753667045457,0.932071112458211,-0.4143755809932842,0.9101059706849957,-0.4651510780774584,0.8852313113324551,-0.5144395337815065,0.8575266561936521,-0.5620833778521307,0.8270805742745617,-0.6079302976946056,0.7939903986478353,-0.651833725300879,0.7583619152887218,-0.693653305812805,0.7203090248879067,-0.7332553462225602,0.6799533787224191,-0.7705132427757894,0.6374239897486895,-0.8053078857111222,0.592856820161059,-0.8375280400421419,0.5463943467342689,-0.8670707011644903,0.49818510533949056,-0.8938414241512639,0.44838321609003196,-0.9177546256839813,0.39714789063478023,-0.9387338576538742,0.3446429231745166,-0.9567120515588307,0.2910361668282713,-0.971631732914674,0.23649899702372432,-0.9834452049953298,0.1812057636271369,-0.992114701314478,0.1253332335643037,-0.9976125063612252,0.06906002571440531,-0.9999210442038161,0.012566039883351802,-0.9990329346781247,-0.043968118317865644,-0.9949510169813002,-0.10036171485121528,-0.9876883405951377,-0.15643446504023142,-0.9772681235681934,-0.21200710992205526,-0.9637236782900095,-0.2669019893203761,-0.9470983049947441,-0.3209436098072101,-0.9274451533346612,-0.37395920573780084,-0.9048270524660194,-0.425779291565073,-0.8793163101905561,-0.47623820366793956,-0.8509944817946916,-0.525174629961296,-0.8199521093254519,-0.5724321255945912,-0.7862884321366186,-0.6178596130903348,-0.7501110696304593,-0.6613118653236522,-0.7115356772092851,-0.7026499697988494,-0.6706855765367198,-0.7417417727387394,-0.6276913612906998,-0.778462301567024,-0.582690479668575,-0.8126941644330946,-0.5358267949789955,-0.8443279255020159,-0.4872501257253311,-0.8732624548099208,-0.4371157666509317,-0.8994052515663716,-0.38558399227739476,-0.9226727398701157,-0.3328195445229847,-0.9429905358928652,-0.27899110603922717,-0.9602936856769437,-0.2242707609493786,-0.9745268727865779,-0.16883344471273154,-0.9856445951489985,-0.11285638487347896,-0.9936113105200087,-0.05651853448202195,-0.9984015501089752,3.066991105526995e-15,-1.0,0.05651853448202809,-0.9984015501089749,0.11285638487348537,-0.9936113105200081,0.16883344471273756,-0.9856445951489975,0.2242707609493848,-0.9745268727865763,0.2789911060392331,-0.9602936856769421,0.3328195445229901,-0.9429905358928633,0.3855839922773996,-0.9226727398701137,0.43711576665093616,-0.8994052515663695,0.48725012572533555,-0.8732624548099184,0.535826794979,-0.8443279255020131,0.5826904796685793,-0.8126941644330917,0.6276913612907038,-0.7784623015670208,0.6706855765367233,-0.7417417727387363,0.7115356772092887,-0.702649969798846,0.7501110696304628,-0.6613118653236484,0.7862884321366219,-0.6178596130903307,0.8199521093254556,-0.5724321255945866,0.8509944817946948,-0.525174629961291,0.8793163101905588,-0.47623820366793473,0.904827052466022,-0.4257792915650678,0.9274451533346635,-0.37395920573779534,0.9470983049947463,-0.32094360980720416,0.9637236782900114,-0.2669019893203703,0.9772681235681946,-0.21200710992205005,0.9876883405951384,-0.15643446504022662,0.9949510169813007,-0.10036171485121045,0.999032934678125,-0.04396811831786051,0.9999210442038161,0.012566039883356715,0.9976125063612251,0.06906002571440953,0.9921147013144775,0.12533323356430714,0.9834452049953292,0.18120576362714064,0.9716317329146735,0.23649899702372668,0.9567120515588298,0.2910361668282742,0.9387338576538737,0.3446429231745183,0.9177546256839805,0.3971478906347821,0.8938414241512632,0.4483832160900333,0.8670707011644893,0.4981851053394922,0.8375280400421407,0.5463943467342708,0.8053078857111211,0.5928568201610604,0.770513242775788,0.6374239897486913,0.7332553462225578,0.6799533787224217,0.6936533058128029,0.7203090248879089,0.6518337253008769,0.7583619152887235,0.6079302976946044,0.7939903986478362,0.5620833778521293,0.8270805742745627,0.5144395337815053,0.857526656193653,0.465151078077456,0.8852313113324565,0.4143755809932824,0.9101059706849964,0.3622753667045443,0.9320711124582115,0.30901699437494556,0.9510565162951543,o
-0.4721359549995793,6.834062241002363,-0.9085136699649463,7.714309131634471,-1.4368704211024403,8.542299087512424,-2.0537933601078886,9.30660116820981,-2.7546514015711225,9.994968261457775,-3.532912796639465,10.59474799722625,-4.3795752096544325,11.093641907552335,-5.282904831793128,11.480762909710826,-6.228668381385582,11.747787201144728,-7.2009057719012155,11.88986588412375,-8.18306446168991,11.9059724326949,-9.159136982048585,11.798562970377219,-10.114448498795577,11.572710600172604,-11.035926942806888,11.23505587726849,-11.911910928121086,10.792900982336413,-12.731676279056316,10.253632708315187,-13.484871113432614,9.624515928365998,-14.161008321935869,8.912825520385983,-14.74914387988264,8.126270886265969,-15.23789757621592,7.273656977811249,-15.6113710662521,6.364120768712704,-15.857168540725059,5.412456701451937,-15.975483356197623,4.437441989583595,-15.96527040042238,3.45590118544985,-15.831566157284096,2.483808815408712,-15.584922172112273,1.5341077817953694,-15.239424191881422,0.6153814808550714,-14.810230594457105,-0.26812679235483367,-14.311612492746624,-1.115471862294078,-13.741013926301568,-1.916193936045004,-13.128011830709115,-2.6842833258298593,-12.481817995941372,-3.4247909824137337,-11.80836050615446,-4.141083820343764,-11.104943144522123,-4.8280645906534945,-10.386403101702479,-5.4990400506848545,-9.656759811599068,-6.158030810727886,-8.916834417966038,-6.805525193157691,-8.170654947996217,-7.4457915921666675,-7.423080548692561,-8.08443901626257,-6.675500559273048,-8.723076355408438,-5.932222930038101,-9.366719835372336,-5.196958064931668,-10.01946867307918,-4.471918325205381,-10.683484709974051,-3.760993719731472,-11.362550043077874,-3.069535043757376,-12.061437659811492,-2.4046804942905298,-12.785689942450768,-1.7756770677913947,-13.541202070112842,-1.194126626762504,-14.333599881689139,-0.6740662905940076,-15.167424912861486,-0.24980958511006846,-16.05317024039301,1.603318172671564e-15,-17.00000000000003,0.24980958511008786,-16.053170240392962,0.6740662905940231,-15.16742491286146,1.194126626762518,-14.333599881689118,1.7756770677914175,-13.541202070112814,2.404680494290555,-12.785689942450738,3.0695350437574,-12.061437659811466,3.7609937197314927,-11.362550043077853,4.471918325205395,-10.683484709974037,5.196958064931672,-10.019468673079174,5.932222930038107,-9.366719835372331,6.675500559273063,-8.723076355408423,7.423080548692582,-8.084439016262552,8.170654947996239,-7.445791592166651,8.91683441796605,-6.805525193157685,9.65675981159908,-6.158030810727878,10.386403101702486,-5.4990400506848465,11.104943144522139,-4.828064590653478,11.808360506154475,-4.141083820343749,12.481817995941373,-3.4247909824137315,13.128011830709118,-2.684283325829856,13.74101392630157,-1.9161939360450047,14.311612492746631,-1.115471862294073,14.810230594457106,-0.2681267923548323,15.23942419188143,0.6153814808550859,15.584922172112275,1.5341077817953743,15.831566157284097,2.483808815408717,15.96527040042238,3.4559011854498456,15.975483356197625,4.437441989583584,15.857168540725059,5.4124567014519345,15.611371066252099,6.364120768712705,15.23789757621592,7.273656977811251,14.749143879882647,8.126270886265964,14.16100832193588,8.91282552038597,13.484871113432629,9.624515928365984,12.731676279056318,10.253632708315184,11.911910928121085,10.792900982336414,11.035926942806888,11.23505587726849,10.11444849879559,11.572710600172602,9.159136982048611,11.798562970377217,8.183064461689922,11.905972432694902,7.200905771901219,11.889865884123754,6.228668381385589,11.747787201144732,5.282904831793137,11.480762909710831,4.379575209654443,11.093641907552346,3.532912796639476,10.59474799722626,2.754651401571133,9.99496826145779,2.053793360107902,9.306601168209827,1.4368704211024474,8.542299087512431,0.9085136699649535,7.714309131634486,0.4721359549995872,6.83406224100238,h
-0.07918614395671417,-0.07821123112273472,-0.11570744904329988,-0.11263289210023651,-0.15305287477635413,-0.14615544890044926,-0.19143354230428372,-0.17848347775951637,-0.23103701405117955,-0.20929721408148122,-0.2720194500055372,-0.23824878030164143,-0.3144962362378271,-0.26495978860477354,-0.35853101491156714,-0.2890209152450785,-0.4041797636929563,-0.30985803713641896,-0.45130633135820347,-0.3270789337329439,-0.49969727209196213,-0.3403091311117928,-0.5490797501990404,-0.34911187873723726,-0.5990806727462008,-0.3530791372897737,-0.6492270089914646,-0.3518532147436218,-0.6989526717178292,-0.34514893002149494,-0.7475172487680088,-0.3324893711404606,-0.7940455947730022,-0.31372853072047485,-0.8377358457008977,-0.2891590366104375,-0.8777476091654068,-0.25904774666980795,-0.9132795177557083,-0.22382119493991254,-0.9436010605002643,-0.1840455516188164,-0.9680713101012313,-0.1404010189410794,-0.9861450153356661,-0.0936598643211157,-0.9966745569845482,-0.04458939124626482,-0.9990269885872787,0.0054850584790946955,-0.9941167913875127,0.05527452350296449,-0.9820940236604289,0.10379965342522099,-0.9632303458744762,0.15011705374602796,-0.9379233351894823,0.1933266688887037,-0.9067042035064425,0.23259246872108907,-0.8697277231594496,0.26652655890004723,-0.828466490838669,0.2949969251942759,-0.7839160004030122,0.3178975591003028,-0.7368636788889875,0.3350508472648226,-0.6880832986273362,0.34641588926157635,-0.6383062363104465,0.35208477875898403,-0.5881943560368366,0.352269030317658,-0.5383189021519244,0.34727828987616594,-0.4891476379198262,0.33749494413393216,-0.4410403771666479,0.3233482822698349,-0.39425162044032425,0.3052910291053151,-0.34893833670222035,0.28377994287706254,-0.30517086406981403,0.25926114461198846,-0.2629451951932225,0.23216009747864244,-0.22219535227880932,0.20287570833370666,-0.1829113887463693,0.17164789792893648,-0.14483227981076255,0.13896121272952924,-0.1077273121978096,0.10517183764689511,-0.07137761568141733,0.07056956775547027,-0.03554958283525933,0.035425980399297764,-2.671474153004283e-16,2.671474153004283e-16,0.035549582835258456,-0.0354259803992969,0.07137761568141704,-0.07056956775546998,0.10772731219780918,-0.10517183764689472,0.14483227981076263,-0.13896121272952927,0.1829113887463697,-0.1716478979289368,0.22219535227880918,-0.20287570833370652,0.26294519519322224,-0.23216009747864225,0.305170864069814,-0.2592611446119884,0.3489383367022194,-0.28377994287706204,0.3942516204403248,-0.3052910291053153,0.4410403771666479,-0.323348282269835,0.48914763791982663,-0.3374949441339322,0.5383189021519253,-0.3472782898761661,0.5881943560368375,-0.35226903031765805,0.6383062363104475,-0.352084778758984,0.6880832986273367,-0.3464158892615762,0.7368636788889885,-0.33505084726482226,0.7839160004030126,-0.31789755910030265,0.8284664908386687,-0.2949969251942759,0.8697277231594499,-0.2665265589000469,0.9067042035064427,-0.2325924687210891,0.9379233351894825,-0.19332666888870345,0.9632303458744768,-0.15011705374602707,0.9820940236604291,-0.10379965342522039,0.9941167913875127,-0.055274523502963385,0.9990269885872787,-0.005485058479093936,0.9966745569845479,0.04458939124626609,0.9861450153356657,0.09365986432111667,0.9680713101012305,0.140401018941081,0.9436010605002633,0.18404555161881822,0.9132795177557074,0.2238211949399136,0.8777476091654061,0.2590477466698087,0.8377358457008967,0.2891590366104381,0.7940455947730011,0.3137285307204754,0.7475172487680074,0.33248937114046095,0.6989526717178272,0.34514893002149544,0.649227008991464,0.3518532147436219,0.5990806727461997,0.35307913728977375,0.5490797501990398,0.34911187873723726,0.49969727209196074,0.3403091311117925,0.4513063313582026,0.32707893373294367,0.40417976369295483,0.30985803713641846,0.35853101491156586,0.2890209152450778,0.31449623623782635,0.2649597886047731,0.27201945000553696,0.2382487803016413,0.23103701405117857,0.20929721408148047,0.19143354230428314,0.1784834777595159,0.15305287477635343,0.14615544890044865,0.11570744904329996,0.11263289210023658,0.0791861439567141,0.07821123112273465,i
0.75,1.0,0.7364644660940672,0.9864644660940672,0.7229289321881345,0.9729289321881345,0.7093933982822018,0.9593933982822018,0.6958578643762691,0.9458578643762691,0.6823223304703363,0.9323223304703363,0.6687867965644035,0.9187867965644035,0.6552512626584708,0.9052512626584708,0.6417157287525381,0.8917157287525381,0.6281801948466054,0.8781801948466054,0.6146446609406726,0.8646446609406726,0.60110912703474,0.85110912703474,0.5875735931288072,0.8375735931288072,0.5740380592228744,0.8240380592228744,0.5605025253169417,0.8105025253169417,0.5469669914110089,0.7969669914110089,0.5334314575050763,0.7834314575050763,0.5198959235991435,0.7698959235991435,0.5063603896932107,0.7563603896932107,0.492824855787278,0.7428248557872781,0.47928932188134526,0.7292893218813452,0.46575378797541256,0.7157537879754126,0.4522182540694798,0.7022182540694798,0.43868272016354704,0.688682720163547,0.42514718625761433,0.6751471862576144,0.4116116523516816,0.6616116523516816,0.39807611844574886,0.6480761184457489,0.3845405845398161,0.6345405845398161,0.37100505063388334,0.6210050506338833,0.3574695167279507,0.6074695167279507,0.3439339828220179,0.5939339828220179,0.3303984489160852,0.5803984489160852,0.31686291501015246,0.5668629150101525,0.30332738110421975,0.5533273811042198,0.28979184719828693,0.539791847198287,0.2762563132923542,0.5262563132923542,0.2627207793864215,0.5127207793864215,0.25115223689149757,0.5,0.2702943725152285,0.5,0.2894365081389595,0.5,0.3085786437626904,0.5,0.3277207793864213,0.5,0.3468629150101523,0.5,0.3660050506338832,0.5,0.38514718625761424,0.5,0.40428932188134514,0.5,0.42343145750507616,0.5,0.44257359312880695,0.5,0.46171572875253797,0.5,0.4808578643762689,0.5,0.4999999999999999,0.5,0.5191421356237309,0.5,0.5382842712474618,0.5,0.5574264068711928,0.5,0.5765685424949237,0.5,0.5957106781186546,0.5,0.6148528137423858,0.5,0.6339949493661164,0.5,0.6531370849898473,0.5,0.6722792206135785,0.5,0.6914213562373094,0.5,0.7105634918610403,0.5,0.7297056274847712,0.5,0.7488477631085023,0.5,0.7372792206135786,0.4872792206135786,0.7237436867076459,0.4737436867076459,0.7102081528017132,0.46020815280171323,0.6966726188957804,0.44667261889578036,0.6831370849898476,0.43313708498984765,0.6696015510839151,0.41960155108391506,0.6560660171779822,0.40606601717798224,0.6425304832720495,0.39253048327204954,0.6289949493661169,0.37899494936611683,0.6154594154601841,0.3654594154601841,0.6019238815542512,0.35192388155425125,0.5883883476483185,0.33838834764831854,0.5748528137423858,0.32485281374238584,0.561317279836453,0.31131727983645296,0.5477817459305203,0.2977817459305203,0.5342462120245876,0.28424621202458755,0.5207106781186549,0.2707106781186549,0.507175144212722,0.25717514421272203,0.4936396103067895,0.2436396103067895,0.4801040764008568,0.23010407640085678,0.4665685424949239,0.2165685424949239,0.4530330085889912,0.2030330085889912,0.4394974746830585,0.1894974746830585,0.4259619407771258,0.1759619407771258,0.4124264068711929,0.16242640687119292,0.3988908729652602,0.1488908729652602,0.38535533905932745,0.13535533905932745,0.37181980515339474,0.12181980515339474,0.35828427124746204,0.10828427124746204,0.34474873734152933,0.09474873734152933,0.3312132034355966,0.08121320343559663,0.3176776695296639,0.06767766952966392,0.3041421356237312,0.05414213562373121,0.2906066017177985,0.04060660171779851,0.2770710678118658,0.0270710678118658,0.26353553390593276,0.013535533905932762,0.25000000000000006,5.551115123125783e-17,z
0.5,0.8660254037844386,0.485,0.8400446416709054,0.47,0.8140638795573722,0.455,0.7880831174438391,0.44,0.7621023553303059,0.425,0.7361215932167727,0.41,0.7101408311032397,0.39499999999999996,0.6841600689897065,0.38,0.6581793068761733,0.365,0.6321985447626401,0.35,0.6062177826491069,0.33499999999999996,0.5802370205355738,0.31999999999999995,0.5542562584220407,0.30499999999999994,0.5282754963085075,0.2899999999999999,0.5022947341949743,0.275,0.4763139720814412,0.26,0.45033320996790804,0.24499999999999994,0.42435244785437487,0.22999999999999993,0.39837168574084164,0.2149999999999999,0.37239092362730847,0.1999999999999999,0.34641016151377524,0.18499999999999994,0.3204293994002422,0.16999999999999993,0.294448637286709,0.15499999999999992,0.26846787517317583,0.13999999999999996,0.24248711305964277,0.12499999999999994,0.21650635094610948,0.10999999999999993,0.1905255888325763,0.09499999999999992,0.16454482671904314,0.0799999999999999,0.13856406460550996,0.065,0.11258330249197701,0.04999999999999999,0.08660254037844384,0.034999999999999976,0.060621778264910664,0.019999999999999962,0.03464101615137749,0.004999999999999949,0.008660254037844317,0.02000000000000013,0.0,0.04999999999999993,0.0,0.08000000000000018,0.0,0.10999999999999999,0.0,0.14000000000000024,0.0,0.17000000000000004,0.0,0.2000000000000003,0.0,0.2300000000000001,0.0,0.2600000000000001,0.0,0.29000000000000015,0.0,0.3200000000000002,0.0,0.3500000000000002,0.0,0.3800000000000002,0.0,0.41000000000000003,0.0,0.44000000000000006,0.0,0.4700000000000001,0.0,0.5000000000000001,0.0,0.5300000000000001,0.0,0.5600000000000002,0.0,0.5900000000000002,0.0,0.6200000000000002,0.0,0.6500000000000002,0.0,0.6800000000000003,0.0,0.7100000000000001,0.0,0.7399999999999999,0.0,0.7700000000000001,0.0,0.7999999999999999,0.0,0.8300000000000002,0.0,0.86,0.0,0.8900000000000002,0.0,0.92,0.0,0.9500000000000003,0.0,0.9800000000000001,0.0,0.9949999999999999,0.008660254037844588,0.98,0.03464101615137758,0.9650000000000001,0.06062177826491057,0.9500000000000002,0.08660254037844356,0.935,0.11258330249197694,0.9199999999999999,0.13856406460551032,0.905,0.1645448267190433,0.8900000000000001,0.1905255888325763,0.875,0.21650635094610968,0.8599999999999999,0.24248711305964304,0.845,0.26846787517317605,0.8300000000000001,0.29444863728670906,0.815,0.32042939940024245,0.7999999999999998,0.3464101615137758,0.7849999999999999,0.3723909236273088,0.77,0.39837168574084175,0.7550000000000001,0.42435244785437476,0.74,0.45033320996790815,0.7250000000000001,0.4763139720814411,0.71,0.5022947341949746,0.6950000000000001,0.5282754963085076,0.6799999999999999,0.554256258422041,0.665,0.5802370205355739,0.6499999999999999,0.6062177826491073,0.635,0.6321985447626403,0.6199999999999999,0.6581793068761737,0.605,0.6841600689897066,0.5900000000000001,0.7101408311032397,0.5750000000000002,0.7361215932167726,0.56,0.762102355330306,0.5449999999999999,0.7880831174438394,0.53,0.8140638795573724,0.5150000000000001,0.8400446416709053,0.4999999999999999,0.8660254037844387,t
0.0,1.0,0.0,0.96,0.0,0.92,0.0,0.88,0.0,0.84,0.0,0.8,0.0,0.76,0.0,0.72,0.0,0.6799999999999999,0.0,0.64,0.0,0.6,0.0,0.56,0.0,0.52,0.0,0.48,0.0,0.43999999999999995,0.0,0.4,0.0,0.36,0.0,0.31999999999999995,0.0,0.28,0.0,0.24,0.0,0.19999999999999996,0.0,0.16000000000000003,0.0,0.12,0.0,0.07999999999999996,0.0,0.040000000000000036,0.0,0.0,0.040000000000000036,0.0,0.08000000000000007,0.0,0.1200000000000001,0.0,0.15999999999999992,0.0,0.19999999999999996,0.0,0.24,0.0,0.28,0.0,0.32000000000000006,0.0,0.3600000000000001,0.0,0.3999999999999999,0.0,0.43999999999999995,0.0,0.48,0.0,0.52,0.0,0.56,0.0,0.6000000000000001,0.0,0.6399999999999999,0.0,0.6799999999999999,0.0,0.72,0.0,0.76,0.0,0.8,0.0,0.8400000000000001,0.0,0.8799999999999999,0.0,0.9199999999999999,0.0,0.96,0.0,1.0,0.0,1.0,0.040000000000000036,1.0,0.08000000000000007,1.0,0.1200000000000001,1.0,0.16000000000000014,1.0,0.20000000000000018,1.0,0.2400000000000002,1.0,0.2799999999999998,1.0,0.31999999999999984,1.0,0.3599999999999999,1.0,0.3999999999999999,1.0,0.43999999999999995,1.0,0.48,1.0,0.52,1.0,0.56,1.0,0.6000000000000001,1.0,0.6400000000000001,1.0,0.6800000000000002,1.0,0.7200000000000002,1.0,0.7599999999999998,1.0,0.7999999999999998,1.0,0.8399999999999999,1.0,0.8799999999999999,1.0,0.9199999999999999,1.0,0.96,1.0,1.0,0.96,1.0,0.9199999999999999,1.0,0.8799999999999999,1.0,0.8399999999999999,1.0,0.7999999999999998,1.0,0.7599999999999998,1.0,0.7200000000000002,1.0,0.6800000000000002,1.0,0.6400000000000001,1.0,0.6000000000000001,1.0,0.56,1.0,0.52,1.0,0.48,1.0,0.43999999999999995,1.0,0.3999999999999999,1.0,0.3599999999999999,1.0,0.31999999999999984,1.0,0.2799999999999998,1.0,0.2400000000000002,1.0,0.20000000000000018,1.0,0.16000000000000014,1.0,0.1200000000000001,1.0,0.08000000000000007,1.0,0.040000000000000036,1.0,0.0,1.0,f
0.0,1.0,0.0,0.9699501243788791,0.0,0.9399002487577582,0.0,0.9098503731366373,0.0,0.8798004975155165,0.0,0.8497506218943955,0.0,0.8197007462732746,0.0,0.7896508706521537,0.0,0.7596009950310328,0.0,0.729551119409912,0.0,0.6995012437887911,0.0,0.6694513681676701,0.0,0.6394014925465493,0.0,0.6093516169254284,0.0,0.5793017413043074,0.0,0.5492518656831866,0.0,0.5192019900620657,0.0,0.48915211444094475,0.0,0.4591022388198239,0.0,0.4290523631987031,0.0,0.39900248757758217,0.0,0.36895261195646134,0.0,0.3389027363353404,0.0,0.30885286071421947,0.0,0.27880298509309864,0.0,0.2487531094719777,0.0,0.21870323385085677,0.0,0.18865335822973583,0.0,0.1586034826086149,0.0,0.12855360698749418,0.0,0.09850373136637325,0.0,0.06845385574525231,0.0,0.03840398012413149,0.0,0.008354104503010551,0.0021588099132803704,0.021588099132803705,0.005148884293700332,0.051488842937003315,0.008138958674120315,0.08138958674120314,0.011129033054540298,0.11129033054540298,0.01411910743496026,0.1411910743496026,0.017109181815380244,0.17109181815380242,0.020099256195800226,0.20099256195800225,0.023089330576220184,0.23089330576220185,0.02607940495664017,0.2607940495664017,0.029069479337060153,0.2906947933706015,0.032059553717480135,0.3205955371748013,0.03504962809790012,0.35049628097900115,0.0380397024783201,0.38039702478320103,0.04102977685874006,0.41029776858740064,0.044019851239160045,0.44019851239160046,0.04700992561958003,0.4700992561958003,0.05000000000000001,0.5000000000000001,0.05299007438041999,0.5299007438041999,0.05598014876083998,0.5598014876083998,0.058970223141259964,0.5897022314125996,0.06196029752167995,0.6196029752167994,0.06495037190209993,0.6495037190209992,0.06794044628251991,0.6794044628251991,0.07093052066293984,0.7093052066293984,0.07392059504335984,0.7392059504335983,0.07691066942377983,0.7691066942377981,0.07990074380419981,0.7990074380419979,0.0828908181846198,0.8289081818461979,0.08588089256503978,0.8588089256503977,0.08887096694545973,0.8887096694545973,0.09186104132587972,0.9186104132587971,0.0948511157062997,0.9485111570629969,0.09784119008671968,0.9784119008671968,0.1,0.9916458954969889,0.1,0.961596019875868,0.1,0.9315461442547475,0.1,0.9014962686336265,0.1,0.8714463930125056,0.1,0.8413965173913847,0.1,0.8113466417702637,0.1,0.7812967661491428,0.1,0.7512468905280218,0.1,0.7211970149069014,0.1,0.6911471392857804,0.1,0.6610972636646595,0.1,0.6310473880435385,0.1,0.6009975124224176,0.1,0.5709476368012967,0.1,0.5408977611801762,0.1,0.5108478855590552,0.1,0.4807980099379343,0.1,0.4507481343168134,0.1,0.42069825869569244,0.1,0.3906483830745715,0.1,0.36059850745345057,0.1,0.33054863183232963,0.1,0.3004987562112087,0.1,0.27044888059008776,0.1,0.24039900496896682,0.1,0.2103491293478459,0.1,0.1802992537267254,0.1,0.15024937810560446,0.1,0.12019950248448352,0.1,0.09014962686336259,0.1,0.06009975124224165,0.1,0.030049875621120714,0.1,-2.220446049250313e-16,l
0.0,0.0,0.0,0.03414213562373095,0.0,0.0682842712474619,0.0,0.10242640687119284,0.0,0.1365685424949238,0.0,0.17071067811865476,0.0,0.20485281374238568,0.0,0.23899494936611668,0.0,0.2731370849898476,0.0,0.30727922061357854,0.0,0.3414213562373095,0.0,0.37556349186104043,0.0,0.40970562748477135,0.0,0.4438477631085024,0.0,0.47798989873223335,0.0,0.5121320343559642,0.0,0.5462741699796952,0.0,0.5804163056034262,0.0,0.6145584412271571,0.0,0.648700576850888,0.0,0.682842712474619,0.0,0.71698484809835,0.0,0.7511269837220809,0.0,0.7852691193458119,0.0,0.8194112549695427,0.0,0.8535533905932737,0.0,0.8876955262170048,0.0,0.9218376618407357,0.0,0.9559797974644667,0.0,0.9901219330881975,0.01715728752538093,0.9828427124746191,0.04129942314911193,0.958700576850888,0.06544155877284294,0.934558441227157,0.0895836943965738,0.9104163056034262,0.11372583002030479,0.8862741699796952,0.13786796564403564,0.8621320343559644,0.16201010126776663,0.8379898987322334,0.18615223689149765,0.8138477631085024,0.2102943725152285,0.7897056274847715,0.2344365081389595,0.7655634918610406,0.2585786437626905,0.7414213562373095,0.2827207793864214,0.7172792206135786,0.30686291501015234,0.6931370849898477,0.3310050506338832,0.6689949493661168,0.3551471862576142,0.6448528137423858,0.37928932188134523,0.6207106781186548,0.4034314575050762,0.5965685424949239,0.42757359312880705,0.572426406871193,0.4517157287525379,0.548284271247462,0.4758578643762689,0.524142135623731,0.49999999999999994,0.5,0.5241421356237309,0.5241421356237309,0.5482842712474619,0.5482842712474619,0.5724264068711928,0.5724264068711928,0.5965685424949237,0.5965685424949237,0.6207106781186548,0.6207106781186548,0.6448528137423858,0.6448528137423858,0.6689949493661165,0.6689949493661165,0.6931370849898475,0.6931370849898475,0.7172792206135783,0.7172792206135783,0.7414213562373093,0.7414213562373093,0.7655634918610403,0.7655634918610403,0.7897056274847714,0.7897056274847714,0.8138477631085024,0.8138477631085024,0.8379898987322334,0.8379898987322334,0.862132034355964,0.862132034355964,0.886274169979695,0.886274169979695,0.910416305603426,0.910416305603426,0.934558441227157,0.934558441227157,0.9587005768508878,0.9587005768508878,0.9828427124746187,0.9828427124746187,1.0,0.9901219330881978,1.0,0.9559797974644668,1.0,0.9218376618407358,1.0,0.8876955262170048,1.0,0.8535533905932742,1.0,0.8194112549695431,1.0,0.7852691193458121,1.0,0.7511269837220811,1.0,0.7169848480983501,1.0,0.6828427124746189,1.0,0.6487005768508879,1.0,0.6145584412271573,1.0,0.5804163056034263,1.0,0.5462741699796952,1.0,0.5121320343559642,1.0,0.47798989873223363,1.0,0.4438477631085026,1.0,0.4097056274847716,1.0,0.37556349186104054,1.0,0.3414213562373095,1.0,0.3072792206135785,1.0,0.27313708498984746,1.0,0.23899494936611643,1.0,0.20485281374238584,1.0,0.1707106781186548,1.0,0.13656854249492423,1.0,0.1024264068711932,1.0,0.06828427124746217,1.0,0.03414213562373114,1.0,1.1102230246251565e-16,m
0.8910065241883679,-0.45399049973954675,0.8514589927344743,-0.5240902148817412,0.806425243265825,-0.5907803717882233,0.7561963957763052,-0.6536340444660667,0.7010965859706533,-0.7122489340070565,0.6414809008751056,-0.7662499042938236,0.5777331211829139,-0.8152913462377738,0.5102632844428214,-0.8590593559445614,0.4395050842914764,-0.897273713352116,0.36591312193103914,-0.929689649116366,0.2899600269550045,-0.956099388823436,0.212133465423162,-0.9763334649764411,0.13293305377595788,-0.9902617886318628,0.05286719775521161,-0.9977944740363661,-0.027550124041260428,-0.9988824111310165,-0.10780261200177457,-0.9935175823371154,-0.18737491254941832,-0.9817331216071226,-0.265755880108277,-0.963603115305987,-0.34244181372250104,-0.9392421460732681,-0.4169396482104174,-0.9088045823952359,-0.4887104028911689,-0.8723774485569978,-0.5571966413203283,-0.8301069381105781,-0.6220609461737283,-0.7824885568343557,-0.6828881414464165,-0.7298298887525806,-0.7392889460964678,-0.6724705448701697,-0.7909024273171346,-0.6107800018632918,-0.8373982749928791,-0.545155254313157,-0.8784788832918387,-0.47601829514298744,-0.913881226537531,-0.403813439966001,-0.9433785177701615,-0.32900451200444164,-0.9667816397451133,-0.2520719050906573,-0.9839403395151153,-0.17350954300592253,-0.9947441791948277,-0.09382175404669815,-0.9991232370035047,-0.013520080227608713,-0.9970485542140659,0.06687995906757353,-0.9885323251962028,0.1468621288934978,-0.9736278293177757,0.22591274575549214,-0.9524291050533332,0.30352392953473906,-0.9250703682316679,0.37919682011969336,-0.8917251779264636,0.4524447387445471,-0.8523980660195095,0.52266834998871,-0.807470199278778,0.5894355647341203,-0.7573410107191513,0.6523740669453687,-0.7023340756243673,0.7110810638599527,-0.642803958982782,0.7651808859890415,-0.5791339605383538,0.8143273542635262,-0.5117336804714412,0.8582059612853861,-0.44103642089943645,0.8965358532144533,-0.3674964393884718,0.9290716000502142,-0.2915860715702197,0.9556047433713476,-0.21379274075671986,0.975965111964557,-0.13461587313653792,0.9900218972006737,-0.05456373771335349,0.9976844814914888,0.025849769390305963,0.9989030146765523,0.10610837629851591,0.9936687347361586,0.185696702228959,0.9820140307957772,0.2641035195340189,0.9640122479688857,0.34082499067154687,0.9397772351701257,0.41536785998669284,0.9094626386094766,0.4872525804539431,0.8732609452413215,0.5558119341460002,0.8310994423217032,0.6207572389094422,0.7835839238275767,0.6816729645099076,0.7310216086743864,0.7381693157204253,0.6737515663467919,0.789884807477848,0.6121427717902808,0.8364885423407818,0.54659176024312,0.8776822952540583,0.4775201100524513,0.9132023927473352,0.4053717691718594,0.9428213749623299,0.330610241991008,0.9663494302399395,0.2537156539998473,0.9836355933969121,0.175181712535672,0.9945687002735857,0.09551258249635088,0.99905004364148,0.015219666047696343,0.9990979429078547,-0.06526620235647626,0.9991458421742293,-0.14575207076064917,0.999193741440604,-0.2262379391648212,0.9992416407069786,-0.30672380756899326,0.9992895399733533,-0.38720967597316613,0.999337439239728,-0.46769554437733907,0.9993853385061027,-0.548181412781512,0.9994332377724773,-0.628667281185684,0.999481137038852,-0.7091531495898569,0.9995290363052266,-0.789639017994028,0.9995769355716013,-0.8701248863982001,0.9996248348379759,-0.9506107548023729,0.9996727341043506,-1.031096623206545,0.9997206333707253,-1.111582491610718,0.9997685326371,-1.1920683600148902,0.9998164319034746,-1.2725542284190634,0.9998643311698493,-1.3530400968232363,0.9999122304362239,-1.4335259652274088,0.9999601297025986,-1.5140118336315824,1.0,-1.5944977044248803,1.0,-1.6749835870821108,1.0,-1.7554694697393396,1.0,-1.8359553523965697,1.0,-1.9164412350538007,1.0,-1.9969271177110308,1.0,-2.077413000368262,1.0,-2.157898883025492,1.0,-2.2383847656827234,q
0.6788007455329418,0.7343225094356856,0.5901612585235317,0.806352500093751,0.4946121045196119,0.8689193947771219,0.3920509884786463,0.9191482035722499,0.28475269130522013,0.958270699821511,0.1735298374068831,0.984129187496251,0.06013863932121333,0.9977463036338643,-0.054043920658643774,0.9979129789091339,-0.16755096950933607,0.9853076982400247,-0.2788404531291567,0.9597760100381811,-0.38648031594234644,0.9216130047104709,-0.48917222751592576,0.8716915628314139,-0.5852710107140895,0.8099821718874477,-0.6741006026794382,0.738227891451902,-0.7535924097404583,0.6562241969498418,-0.8240037301018065,0.5663117698072379,-0.8826975108489745,0.4683353447826385,-0.9310457490398542,0.3648577046361122,-0.9658766869044257,0.25608401532424363,-0.9893471385751987,0.1443105185568624,-0.9988057648056552,0.03050377037537022,-0.9961629966525808,-0.08367351813124063,-0.979770427991259,-0.19667921873871133,-0.9511549775789239,-0.307241926751585,-0.9097553194032922,-0.4136546488662208,-0.8566762242107197,-0.5147750881868621,-0.792393221931361,-0.6091409745186197,-0.717648498720417,-0.6954890801991442,-0.6337769328252527,-0.7729709644841534,-0.5413061945138542,-0.8399950287035628,-0.44214355368280145,-0.8966195905722993,-0.33682052077938796,-0.9407860168758767,-0.22744752152876377,-0.973646891426106,-0.11482334713633091,-0.9926263507729619,-0.0008444681121009129,-0.9999671528861845,0.11314461665420432,-1.0071769635149328,0.22578914086050808,-1.0260266198909,0.3352327195280669,-1.0586345795624597,0.44060555554400244,-1.102679422248065,0.5398953264993366,-1.1590742335532604,0.6324426236127546,-1.2259915191418047,0.7164909842762186,-1.3032792617263758,0.791334875134947,-1.3895411774782023,0.8558347606543527,-1.4837590467496802,0.9090302608779144,-1.5848185533620565,0.9506751431820322,-1.691137400470672,0.979417930874984,-1.8016677334446851,0.9960707818722908,-1.9146387858845084,0.9988449222715593,-2.0288140106309616,0.9896475382687137,-2.142647214217574,0.9663053779698422,-2.2544490702880444,0.9316307287468039,-2.3632729701962902,0.8834925152595225,-2.4668437720260594,0.8249121920705882,-2.5648864564549405,0.7547106657061078,-2.654956788216936,0.6753139273606493,-2.7370511737631933,0.5866519473713926,-2.8090075769718688,0.4906246946041619,-2.8708271782766297,0.38804913420391207,-2.9209840130069207,0.28045338905739164,-2.9592707784156898,0.16922269359178702,-2.9850583793817145,0.05572995998921403,-2.997794266328802,0.030756456322177363,-2.9095972735374,0.029924740405176564,-2.795309225288664,0.029093024488175766,-2.681021177039929,0.028261308571174964,-2.566733128791193,0.027429592654174165,-2.452445080542458,0.026597876737173363,-2.338157032293722,0.025766160820172565,-2.2238689840449863,0.024934444903171777,-2.1095809357962523,0.02410272898617098,-1.995292887547517,0.02327101306917019,-1.8810048392987833,0.02243929715216939,-1.7667167910500472,0.021607581235168608,-1.6524287428013145,0.02077586531816781,-1.5381406945525788,0.019944149401167025,-1.4238526463038457,0.019112433484166223,-1.3095645980551096,0.018280717567165428,-1.1952765498063749,0.01744900165016463,-1.080988501557639,0.01661728573316382,-0.9667004533089023,0.015785569816163032,-0.8524124050601682,0.014953853899162223,-0.738124356811432,0.014122137982161439,-0.6238363085626979,0.01329042206516065,-0.5095482603139643,0.012458706148159839,-0.3952602120652271,0.011626990231159054,-0.28097216381649304,0.010795274314158252,-0.16668411556775764,0.009963558397157447,-0.05239606731902091,0.009131842480156655,0.0618919809297136,0.008300126563155853,0.17618002917844944,0.007468410646155072,0.29046807742718217,0.006636694729154267,0.40475612567591845,0.005804978812153472,0.5190441739246534,0.00497326289515267,0.6333322221733888,0.004141546978151892,0.747620270422122,0.0033098310611510903,0.8619083186708574,0.0024781151441503023,0.9761963669195914,0.0016463992271495073,1.0904844151683264,0.0008146833101487019,1.2047724634170631,0.0,1.3190605736412317,0.0,1.433351648200322,s
-0.03925981575906855,0.9992290362407229,-0.12457684017629565,0.991931429175186,-0.20895015029433578,0.9774251078217083,-0.29177612174973877,0.9558162307787419,-0.37246220073569536,0.9272611039627658,-0.4504310409265784,0.8919650806199078,-0.5251245347504822,0.8501811222178209,-0.5960077113715686,0.802208030111705,-0.6625724746524031,0.7483883601188028,-0.7243411554555512,0.6891060342940769,-0.7807837927512011,0.6247146072293127,-0.8311520205669287,0.5554708013778158,-0.8754557264961206,0.4822176816633295,-0.9133796404702754,0.4054808147698627,-0.9446536281819389,0.3258102620603051,-0.9690545710039465,0.24377673385119442,-0.9864079205222003,0.1599676012578503,-0.9965889170418258,0.07498279296928873,-0.9995234637140794,-0.010569394905368436,-0.9951886502753297,-0.0960765471852267,-0.9833957647815142,-0.18088709932538163,-0.964067325897257,-0.2642988018709069,-0.9377370045836755,-0.3457550817105435,-0.9045952959292872,-0.42467343425108145,-0.8648807726345051,-0.5004894017914333,-0.8188784119085486,-0.5726605135781332,-0.7669176015504703,-0.6406700734209254,-0.7093698389058842,-0.7040307689014953,-0.6466461384810929,-0.7622880774233602,-0.5791941659796871,-0.8150234457332846,-0.5073259393779876,-0.8615726872331064,-0.4316413738488707,-0.9016027910602024,-0.35284734225673464,-0.9350618663823957,-0.2715087111106482,-0.9617121925224394,-0.18820821547998323,-0.9813641922124859,-0.10354238642417204,-0.9938777495954839,-0.018117383328347836,-0.9991631860040333,0.06745524026909724,-0.997181886840242,0.15256280831882074,-0.9879465752550394,0.23659580207857445,-0.9715212307294018,0.3188137501717661,-0.9476015291185593,0.3986330758378793,-0.9166350266718162,0.4755248187572817,-0.8790146711672598,0.5489393112520818,-0.8350114551142236,0.6183515461923735,-0.7849414139160097,0.6832648412449221,-0.7291634131984579,0.7432143069446394,-0.6680766400435004,0.7977700948117946,-0.6021178153434449,0.8465404032352243,-0.5317581463898083,0.8891742204898315,-0.4575000405793523,0.9248548989115949,-0.37966046970358075,0.9537385611801145,-0.2990670842385307,0.9756772711972982,-0.21632670248262478,0.9905156343642711,-0.132032123817456,0.9981484405264478,-0.04678703171651592,0.9985213936691595,0.03879822406077947,0.9916314894007909,0.12411089113256175,0.9775270376439668,0.20854009477380614,0.9563073303702587,0.29148110545677486,0.9280785521056057,0.3723221818396854,0.8925761388499239,0.4502425052538947,0.8505995652699541,0.524855252501085,0.8024513358416251,0.5956273982750487,0.748477482996738,0.6620531677984096,0.6890651432773504,0.7236575651238397,0.6246398494486081,0.7799996881653273,0.5556625571599406,0.8306758077401077,0.48262642655061244,0.8753221895090046,0.40605338086378284,0.9136176394527523,0.32643887864165766,0.9451373675644622,0.24430983427717654,0.9693497989980411,0.16043860837402052,0.9865041469209852,0.07542607038369409,0.9964797268302078,0.0231583516539653,0.9660421318859844,0.022137615343576892,0.8803979497928847,0.021116879033188485,0.7947537676997851,0.020096142722800064,0.7091095856066841,0.019075406412411657,0.6234654035135845,0.01805467010202324,0.5378212214204842,0.017033933791634835,0.45217703932738473,0.016013197481246425,0.36653285723428464,0.014992461170858017,0.2808886751411851,0.013971724860469624,0.19524449304808644,0.012950988550081208,0.1096003109549859,0.011930252239692794,0.023956128861886028,0.01090951592930439,-0.061688053231213624,0.009888779618915978,-0.14733223532431383,0.00886804330852757,-0.23297641741741315,0.007847306998139156,-0.31862059951051336,0.006826570687750749,-0.4042647816036131,0.005805834377362335,-0.48990896369671355,0.004785098066973921,-0.5755531457898138,0.0037643617565855103,-0.661197327882914,0.002743625446197096,-0.746841509976014,0.001722889135808689,-0.8324856920691137,0.0007021528254202852,-0.9181298741622128,0.0,-1.003775954680728,0.0,-1.0894262192980146,0.0,-1.1750764839153003,0.0,-1.2607267485325868,0.0,-1.3463770131498733,y
-3.1101767270538954,-0.031410759078128236,-3.056725488961964,-0.08474897496293157,-3.0031441443724387,-0.13795642722927345,-2.9493620877286517,-0.1909607730568895,-2.8953066443016926,-0.24368592453500806,-2.840902140959112,-0.29605044760503,-2.7860690308623806,-0.3479658004057198,-2.7307231041838818,-0.39933436119443344,-2.6747745193782015,-0.45004684472241524,-2.6180429871608846,-0.49988190088178963,-2.5605096393891515,-0.5487874481263721,-2.502075200428366,-0.5966107408747297,-2.4426363006079574,-0.6431774804034446,-2.3820869854618523,-0.6882884938125096,-2.3203212101119113,-0.7317163900733512,-2.257236588093924,-0.7732024746990145,-2.1927396623909954,-0.8124543625935775,-2.1267529068108693,-0.8491449217957916,-2.059223512704042,-0.8829133875120396,-1.9901261368179302,-0.9133509916669499,-1.9193510778206222,-0.9396419914097941,-1.8471445484574565,-0.9616629467820221,-1.7736846611931116,-0.9790152911567542,-1.699220582215336,-0.9913498905522272,-1.6240657584469504,-0.9983942541042744,-1.5485889610147185,-0.9995725573219902,-1.4732541065197418,-0.9948310054992124,-1.3984578856677194,-0.9847105506226196,-1.3245379677329714,-0.9694413970631318,-1.25177355148246,-0.9493420693154095,-1.1804028403589601,-0.9247186112353312,-1.1106660360733613,-0.8957817896370343,-1.0424847953811447,-0.8633559635735231,-0.9758600765408413,-0.8278422612199821,-0.9107527272285177,-0.7896156578713577,-0.8470943795087784,-0.7490188765363417,-0.7847970210984598,-0.7063599698891201,-0.7237608329621075,-0.6619125241229676,-0.663880236958542,-0.6159175545046714,-0.6050483070310458,-0.568586361911626,-0.5471597956202201,-0.5201038241956111,-0.4901130510941881,-0.470631772666423,-0.43381108377091515,-0.42031224103941905,-0.3782181826136873,-0.3692100936456255,-0.3231941461920171,-0.3174965879662306,-0.2686310115519302,-0.2652972933403105,-0.2144470448691695,-0.21270437096646955,-0.1605648000290651,-0.1598020582393152,-0.1069102698894726,-0.10666852333789628,-0.05341197294036592,-0.05337753529296275,1.8943180357666733e-15,1.8943180357666733e-15,0.05341197294036958,0.05337753529296642,0.10691026988947593,0.1066685233378996,0.16056480002906812,0.1598020582393182,0.214447044869173,0.21270437096647296,0.26863101155193314,0.2652972933403133,0.3231941461920206,0.3174965879662338,0.3782181826136905,0.3692100936456285,0.4338110837709175,0.42031224103942116,0.49011305109419034,0.470631772666425,0.5471597956202221,0.5201038241956127,0.6050483070310478,0.5685863619116276,0.663880236958544,0.615917554504673,0.7237608329621097,0.6619125241229693,0.784797021098462,0.7063599698891218,0.8470943795087801,0.7490188765363428,0.9107527272285197,0.7896156578713589,0.9758600765408435,0.8278422612199834,1.042484795381147,0.8633559635735242,1.1106660360733622,0.8957817896370347,1.180402840358962,0.9247186112353317,1.2517735514824613,0.94934206931541,1.3245379677329732,0.9694413970631323,1.398457885667722,0.98471055062262,1.4732541065197438,0.9948310054992126,1.5485889610147205,0.9995725573219902,1.6240657584469522,0.9983942541042743,1.699220582215338,0.9913498905522269,1.7736846611931134,0.9790152911567539,1.8471445484574582,0.9616629467820217,1.9193510778206246,0.9396419914097933,1.9901261368179326,0.913350991666949,2.0592235127040426,0.8829133875120393,2.1267529068108697,0.8491449217957913,2.192739662390996,0.8124543625935772,2.257236588093926,0.7732024746990135,2.320321210111913,0.73171639007335,2.3820869854618536,0.6882884938125085,2.4426363006079588,0.6431774804034435,2.5020752004283673,0.5966107408747285,2.5605096393891524,0.5487874481263714,2.6180429871608863,0.4998819008817882,2.674774519378203,0.4500468447224138,2.730723104183883,0.3993343611944319,2.7860690308623823,0.3479658004057181,2.840902140959114,0.29605044760502813,2.895306644301695,0.24368592453500615,2.949362087728653,0.19096077305688827,3.00314414437244,0.13795642722927212,3.0567254889619653,0.08474897496293021,3.110176727053897,0.03141075907812667,~
